{"cameraMode":{"drawMode":0,"name":"Shaded","section":"Shading Mode"},"sceneLighting":false,"audioPlay":false,"sceneViewState":{"m_AlwaysRefresh":false,"showFog":true,"showSkybox":true,"showFlares":true,"showImageEffects":true,"showParticleSystems":true,"showVisualEffectGraphs":true,"m_FxEnabled":true},"in2DMode":false,"pivot":{"x":19.761457443237306,"y":21.78908920288086,"z":-0.5545487403869629},"rotation":{"x":-0.7027053236961365,"y":0.004058034624904394,"z":-0.003919336479157209,"w":-0.7116007208824158},"size":18.01067543029785,"orthographic":false}